{"24.85,55.98|24.525,56.083": [[55.978739, 24.850824], [55.979261, 24.829042], [55.977975, 24.822447], [55.972241, 24.814945], [55.969027, 24.813295], [55.965996, 24.802388], [55.968274, 24.788429], [55.96742, 24.782559], [55.968816, 24.764123], [55.972345, 24.754086], [55.973367, 24.753294], [55.971753, 24.74686], [55.973516, 24.740852], [55.975538, 24.74032], [55.976939, 24.735147], [55.979821, 24.723862], [55.979554, 24.716789], [55.986972, 24.716246], [55.99198, 24.70553], [55.991656, 24.694422], [55.994657, 24.679902], [56.002734, 24.6603], [56.002795, 24.642], [56.018264, 24.639921], [56.022065, 24.640242], [56.027211, 24.642919], [56.029237, 24.630267], [56.055091, 24.580987], [56.062184, 24.563633], [56.064145, 24.521329], [56.0832, 24.525982], [56.082872, 24.524846]], "22.725,56.427|22.450,56.695": [[56.427772, 22.725425], [56.433367, 22.703083], [56.442906, 22.692292], [56.447969, 22.653859], [56.446883, 22.631332], [56.437774, 22.606035], [56.43517, 22.576053], [56.430296, 22.558752], [56.423629, 22.550516], [56.424579, 22.428261], [56.430598, 22.435465], [56.441689, 22.437594], [56.470222, 22.432588], [56.498407, 22.411003], [56.536673, 22.416061], [56.562462, 22.439771], [56.595252, 22.446203], [56.614717, 22.459503], [56.631057, 22.459564], [56.64331, 22.47397], [56.65244, 22.46918], [56.665618, 22.480589], [56.682244, 22.473738], [56.69336, 22.445039], [56.695523, 22.449975]]}